sentiment,text,user
negative,Register now for @scacompanies Introduction to Energy Data Science in #Python with Dr. John Foster in half-day sess‚Ä¶ https://t.co/bChRRymH8W,scacompanies
neutral,"RT @CaptMarkKelly: Arizona needs an independent voice in the Senate. One that‚Äôs guided by science, data, and facts ‚Äì not partisan politics.‚Ä¶",JenCallahan7
neutral,"RT @CaptMarkKelly: Arizona needs an independent voice in the Senate. One that‚Äôs guided by science, data, and facts ‚Äì not partisan politics.‚Ä¶",smartlyjoan
neutral,"RT @arthur_affect: The bullshit \image enhancement\"" button that they have in shows like CSI is finally leaving the realm of science fiction‚Ä¶""",jkfecke
positive,RT @acampbell99: I‚Äôm hearing that an announcement on a new #onted Grade 1-8 math curriculum may be happening today. Changes include elimina‚Ä¶,rcpresstwins
neutral,"RT @CaptMarkKelly: Arizona needs an independent voice in the Senate. One that‚Äôs guided by science, data, and facts ‚Äì not partisan politics.‚Ä¶",Melanie13335962
positive,@onaturalia @LindseyGrahamSC There is 1 H1b for 500 workers in US. Yet one H1b took away your job. Interesting.,data_science_x
neutral,RT @MsYouDoYou: Not enough people realizing that the ‚Äúanti-mask‚Äù rhetoric is just ‚Äúanti-vaccine‚Äù rhetoric with a visual. The premise is the‚Ä¶,yogthos
positive,"You can see the last half century as focused on data more than energy, and on globalisation/financialisation more t‚Ä¶ https://t.co/aSgUy1ZSw1",harshmadhusudan
positive,#Data_Science &amp; #Business_Analytics Course|100% #udemy_free coupon code\n#udemycoupons https://t.co/e5JQVrOgb4 https://t.co/4CCCdQXX2P,tota_meso
neutral,"RT @CaptMarkKelly: Arizona needs an independent voice in the Senate. One that‚Äôs guided by science, data, and facts ‚Äì not partisan politics.‚Ä¶",martinpepper
neutral,"RT @arthur_affect: The bullshit \image enhancement\"" button that they have in shows like CSI is finally leaving the realm of science fiction‚Ä¶""",RavenWorks
negative,RT @marwahabdalla: What was the mental health toll among NYC healthcare workers at the peak of NY's COVID-19 pandemic (April 2020)? \n\nOur d‚Ä¶,GMHatHarvard
positive,"üóìS-1\nMardi prochain, @AndreeaTurcu @bootcampjedha nous parle en #live #faq du m√©tier de Data Scientist : entre form‚Ä¶ https://t.co/mnlQOSKaR4",lacuisineduweb
neutral,"RT @CaptMarkKelly: Arizona needs an independent voice in the Senate. One that‚Äôs guided by science, data, and facts ‚Äì not partisan politics.‚Ä¶",NekkidJoe
neutral,"RT @CaptMarkKelly: Arizona needs an independent voice in the Senate. One that‚Äôs guided by science, data, and facts ‚Äì not partisan politics.‚Ä¶",PaulGiandomeni1
neutral,It is essential to share regular updates on Twitter #programmer #coder #developer #technology RT @charlyrere: End t‚Ä¶ https://t.co/3fVsUFN5zF,CodeFlawCo
negative,RT @ballerinaX: Here‚Äôs the thing @GovHerbert is a lame duck. It won‚Äôt cost him anything politically to actually lead and yet he‚Äôs made the‚Ä¶,BugsStanley
neutral,RT @MsYouDoYou: Not enough people realizing that the ‚Äúanti-mask‚Äù rhetoric is just ‚Äúanti-vaccine‚Äù rhetoric with a visual. The premise is the‚Ä¶,heimjazz
positive,RT @PGabbyPrecious: I'm available for entry level jobs or paid internship. \nMy stacks:\nPython for backend with Flask and Django(FastAPI too‚Ä¶,unicdev
neutral,"RT @NatGeoEducation: #Science wouldn't be science without the facts, research, and numbers to back up all those theories. Learn about quant‚Ä¶",happy_blacksoul
positive,"RT @NASASun: Our ICON mission has released its first public batch of data on Earth‚Äôs ionosphere, the sea of charged particles in our planet‚Ä¶",RobertoSilva21
neutral,"RT @CaptMarkKelly: I‚Äôm running for Senate to be an independent voice for Arizona and return a reliance on science, data, and facts back to‚Ä¶",MarkLanc41
positive,RT @PGabbyPrecious: I'm available for entry level jobs or paid internship. \nMy stacks:\nPython for backend with Flask and Django(FastAPI too‚Ä¶,misscoolnshitt
positive,RT @DanjoKaz00ie: Wildly fascinating interview about data science and the hype around neural nets and strong AI. While it starts off by emp‚Ä¶,DanjoKaz00ie
neutral,"RT @CaptMarkKelly: I‚Äôm running for Senate to be an independent voice for Arizona and return a reliance on science, data, and facts back to‚Ä¶",bigal953
neutral,"RT @arthur_affect: The bullshit \image enhancement\"" button that they have in shows like CSI is finally leaving the realm of science fiction‚Ä¶""",georgetakesajob
positive,RT @PGabbyPrecious: I'm available for entry level jobs or paid internship. \nMy stacks:\nPython for backend with Flask and Django(FastAPI too‚Ä¶,Olayiwola_lol
neutral,"RT @CaptMarkKelly: Arizona needs an independent voice in the Senate. One that‚Äôs guided by science, data, and facts ‚Äì not partisan politics.‚Ä¶",crimson151
neutral,"Join exhibitor @PM_Research_ and discover research from The Journal of Financial Data Science, providing actionable‚Ä¶ https://t.co/4GXWKB1R1s",aidataconf
neutral,"RT @CaptMarkKelly: Arizona needs an independent voice in the Senate. One that‚Äôs guided by science, data, and facts ‚Äì not partisan politics.‚Ä¶",pal_poncho
neutral,RT @PhilGreaves01: \The science regarding the aerosol transmission of infectious diseases has  for years  been based on what is now appreciated,LurgiUrgi
positive,@Surjeet86084706 @AcademicChatter @PhDEI_Econ From a beginner‚Äôs perspective: R is amazing for data (stats/plots) an‚Ä¶ https://t.co/IjOKrWBHZv,GiuliEman
neutral,"RT @HarvardBizAn: Our multidisciplinary curriculum includes courses on programming, digital strategy, and the data science pipeline. https:‚Ä¶",randomblackman
neutral,"RT @CaptMarkKelly: Arizona needs an independent voice in the Senate. One that‚Äôs guided by science, data, and facts ‚Äì not partisan politics.‚Ä¶",Auzzielvr
positive,RT @acampbell99: I‚Äôm hearing that an announcement on a new #onted Grade 1-8 math curriculum may be happening today. Changes include elimina‚Ä¶,carofux_lib
positive,"üëÜcont\n#TuesdayThoughts #TuesdayMorning #TuesdayTip\n#TuesdayVibes #TuesdayMotivation #covid19\nTo get real, direct‚Ä¶ https://t.co/TuMtW3pLDf",2TweetSense
positive,RT @MatinQaim: In a new open access paper with micro-level data from India we show that supermarkets increase the efficiency of vegetable s‚Ä¶,jsellare
negative,"Pretty much the entire story of Foundation is magic data science is bad, until an evil outlier does even more damage.",Rahmeljackson
neutral,"the data in the registry is owned by drug science, adverse effects are shared with companies to ensure they can mee‚Ä¶ https://t.co/oiV6t5zd4F",InfosecIvy
neutral,"RT @CaptMarkKelly: Arizona needs an independent voice in the Senate. One that‚Äôs guided by science, data, and facts ‚Äì not partisan politics.‚Ä¶",ironmanpetey
neutral,"RT @NatGeoEducation: #Science wouldn't be science without the facts, research, and numbers to back up all those theories. Learn about quant‚Ä¶",ExpeditionAdve1
neutral,RT @uncc_sds: Get to know UNC Charlotte‚Äôs School of Data Science ‚§µÔ∏è https://t.co/Lr3Q4a9aus,UNCC_CHHS
neutral,RT @Braintimewindow: @LangstonLab Can't answer that but there is some data on chicks and their counting ability - from @gVallortigara and c‚Ä¶,gVallortigara
neutral,RT @MsYouDoYou: Not enough people realizing that the ‚Äúanti-mask‚Äù rhetoric is just ‚Äúanti-vaccine‚Äù rhetoric with a visual. The premise is the‚Ä¶,pjmccann3
positive,Text Mining with R: A Tidy Approach https://t.co/InFjy4rLio #TextMining,DD_Serena_
neutral,"RT @CaptMarkKelly: Arizona needs an independent voice in the Senate. One that‚Äôs guided by science, data, and facts ‚Äì not partisan politics.‚Ä¶",NorrispPattie
neutral,"RT @CaptMarkKelly: Arizona needs an independent voice in the Senate. One that‚Äôs guided by science, data, and facts ‚Äì not partisan politics.‚Ä¶",shannonswg
neutral,How to Get Started in Data Science by Robert Wood https://t.co/l5qaGG7ySW,TDataScience
negative,RT @romoraleselcoro: Mexico's coronavirus czar is seen playing a dangerous game with numbers \n\n\‚ÄúWe don‚Äôt know where we are‚Äù on the curve,"‚Ä¶"""
positive,Modern Data Science with R is a comprehensive data science textbook for undergraduates that incorporates statistica‚Ä¶ https://t.co/Knsu0pgfRl,DD_FaFa_
neutral,"#Science wouldn't be science without the facts, research, and numbers to back up all those theories. Learn about qu‚Ä¶ https://t.co/RSrJW6y4II",NatGeoEducation
positive,RT @PGabbyPrecious: I'm available for entry level jobs or paid internship. \nMy stacks:\nPython for backend with Flask and Django(FastAPI too‚Ä¶,_shadie_
positive,Top reasons why data science is a new driving force for industries - https://t.co/Iz4mjvJudB\nKeySteps https://t.co/2tde8OAlX1,lebihanto
neutral,@djp_17 @BoastIra @Kathmarval @mcfunny @d5iza @StopVaxxedLies @AkChill27 @SparkleRam8 @HPVSideEffects @HiradScience‚Ä¶ https://t.co/yywCkV25O1,KatLaRue7
positive,"RT @SpacesSocieties: COMPUTING HUMANITY \n\nAn interesting piece on how data from Facebook, Twitter and other sources are\nrevolutionizing soc‚Ä¶",ShadyEuroFreak
positive,All ‚Äúreal‚Äù baseball people have to do is learn how to use it and get data and sound semi-intelligent in meetings.‚Ä¶ https://t.co/z3QeSkmUa4,uTeeBaseball
positive,What Is The Hiring Process Of Data Scientists At Siemens? - Data science demands a strong https://t.co/y9sKG9E1Cs #datascience #intoAInews,into_AI
neutral,RT @PhilGreaves01: \The science regarding the aerosol transmission of infectious diseases has  for years  been based on what is now appreciated,cordeliers
neutral,RT @GavLaaaaaaaa: Data Science Hackathon #datascience #hadoop #R https://t.co/BSOtiGUSNJ,debzchavz
neutral,"Honouring those who have excelled in teaching and learning in the fields of #analytics and #DataScience, SAS has an‚Ä¶ https://t.co/nhYdY58HtS",SASsoftwareUKI
neutral,RT @SchulbergJustin: The post is also on Medium's Data Science channel. Check it out here:\nhttps://t.co/OCl3EQp8ok,HenggaoCai
neutral,The fatal mistake in this article (assuming that a data set is reliable because it is cited by others) could happen‚Ä¶ https://t.co/D4LnMukiiv,rinireg
neutral,RT @Course_club: The Data Science Bootcamp in Python\n#datascience #python\nhttps://t.co/S5hpTKpfQo,NVSData
positive,@TMirkin @realDonaldTrump True. Although I read this column by JPost that claimed the data showed the death rate de‚Ä¶ https://t.co/pmRBjYhgKT,baileylewis23
neutral,RT @leobarros79: https://t.co/xqne9wXVL4 https://t.co/pmUijzafyJ,NVSData
negative,RT @HockeyGraphs: ICYMI: \nNot sure how where to start when your code gives you an error?\n\n@AlexNovet has a guide for that\n\nhttps://t.co/5uH‚Ä¶,AlexNovet
neutral,"RT @univgroningen: The solution to filter bubbles? #Artificialintelligence! Tommaso Caselli, Ass.Professor of Computational Semantics, and‚Ä¶",WietskeDegen
positive,"RT @NASASun: Our ICON mission has released its first public batch of data on Earth‚Äôs ionosphere, the sea of charged particles in our planet‚Ä¶",GeorgiaBoy4Real
neutral,@SaddickAdams These rules are backed  by data and science.. @MBawumia @NAkufoAddo,NiiBoy3
neutral,@KathrynProciv Lighting bugs lifht up the night!! AND NOW have the data to prove it!! SHOW up with the SCIENCE to v‚Ä¶ https://t.co/sdEgxaBsOz,Pat45023221
neutral,The Data Science Bootcamp in Python\n#datascience #python\nhttps://t.co/S5hpTKpfQo,Course_club
neutral,"RT @DigitalUoM: At #DSAdvances20, @Jan_R_Peters is discussing training robots for specific tasks, like juggling! Watch along here: https://‚Ä¶",idsai_uom
neutral,"RT @DigitalUoM: At #DSAdvances20, @Jan_R_Peters is discussing training robots for specific tasks, like juggling! Watch along here: https://‚Ä¶",mattgarciablitz
positive,"RT @SpacesSocieties: COMPUTING HUMANITY \n\nAn interesting piece on how data from Facebook, Twitter and other sources are\nrevolutionizing soc‚Ä¶",SpacesSocieties
neutral,Scratch that philosophy and computer science only. https://t.co/ChjZmfrH07,Data__Alchemist
neutral,RT @STFC_B2B: Missed any of @HartreeCentre's Webinars for Business?\n\nCatch-up now üëâ https://t.co/jBy3qPXycw\n\nIncluding intros to...\nüòé Virtu‚Ä¶,HartreeCentre
neutral,https://t.co/xqne9wXVL4 https://t.co/pmUijzafyJ,leobarros79
positive,RT @ISC: At least 73 #SDG indicators require population #data. Knowing what data is available - and how to use it - holds great potential f‚Ä¶,sdgcounting
neutral,@MartinSLewis @horatioharry I've worked in science for 44 years-There isn't a situation of  'the science' but there‚Ä¶ https://t.co/FO7BaHTYYl,1957AJB
neutral,RT @MsYouDoYou: Not enough people realizing that the ‚Äúanti-mask‚Äù rhetoric is just ‚Äúanti-vaccine‚Äù rhetoric with a visual. The premise is the‚Ä¶,chaseallister
neutral,RT @kdnuggets: Using #GitHub Actions for #MLOps &amp; #DataScience  https://t.co/z8oX4w8lSh https://t.co/zuWb2xR2fE,JustBeMentalist
neutral,RT @Nexdigm_: The role of #COVID19 in pushing businesses to digital has been massive. Amit Kumar's article on #Digitization and #Datascienc‚Ä¶,JustBeMentalist
positive,RT @pdorrington: Some innovative banks are exploring 'Emotive Banking' - if you want to know how data science can be combined with behaviou‚Ä¶,JustBeMentalist
neutral,RT @lebihanto: Data science training in Bangalore - https://t.co/OXcau4nYl7\nKeySteps https://t.co/ayvMZNzB6L,JustBeMentalist
positive,"RT @NewScientistZon: Smoking, divorce and alcohol abuse have the closest connection to death out of 57 social and behavioural factors. The‚Ä¶",JustBeMentalist
neutral,"RT @DigitalUoM: At #DSAdvances20, @Jan_R_Peters is discussing training robots for specific tasks, like juggling! Watch along here: https://‚Ä¶",JustBeMentalist
neutral,Using #GitHub Actions for #MLOps &amp; #DataScience  https://t.co/z8oX4w8lSh https://t.co/zuWb2xR2fE,kdnuggets
positive,RT @PGabbyPrecious: I'm available for entry level jobs or paid internship. \nMy stacks:\nPython for backend with Flask and Django(FastAPI too‚Ä¶,aronmtunji
neutral,@Dave46957937 @Cupid_Jones @CrissyH_xo @GovernorTomWolf Yup. You said he couldn‚Äôt pass a middle school science test‚Ä¶ https://t.co/A2eifvYZOx,CommonS69917449
neutral,"RT @CaptMarkKelly: Arizona needs an independent voice in the Senate. One that‚Äôs guided by science, data, and facts ‚Äì not partisan politics.‚Ä¶",BrianFreed1
neutral,"RT @CaptMarkKelly: Arizona needs an independent voice in the Senate. One that‚Äôs guided by science, data, and facts ‚Äì not partisan politics.‚Ä¶",camino72
neutral,RT @charlyrere: End to End Data Science Practicum with Knime\n\nhttps://t.co/83U7CAo7fa\n\n#knime #BigData #Analytics #DataScience #AI #Machine‚Ä¶,powerbi_pros
positive,2036. Introduction to Databases and Data Mining: https://t.co/tpkOB8PXzB \n\n2037. Machine Learning for Intelligent S‚Ä¶ https://t.co/eAzIvaRhnf,baba_Omoloro
positive,@KellieCowan @FOX13News Most are just bots and trolls feeding misinformation to the ignorant minority.  Those of us‚Ä¶ https://t.co/SFQz3GIbOt,Vote_Blue_2018
negative,"RT @Planetary_Sec: üåè \n\nClimate worst-case scenarios may not go far enough, cloud data shows \n\n‚û°Ô∏è https://t.co/baj4H3hltq\n\n#ClimateChange #c‚Ä¶",benny_media
neutral,"RT @CaptMarkKelly: Arizona needs an independent voice in the Senate. One that‚Äôs guided by science, data, and facts ‚Äì not partisan politics.‚Ä¶",excitedtobhere
negative,RT @reshamas: There is still time to register for this evening's talk with @DataUmbrella &amp; @NYCPyLadies: Working with Missing Data with @ma‚Ä¶,kamama_ai
neutral,The role of #COVID19 in pushing businesses to digital has been massive. Amit Kumar's article on #Digitization and‚Ä¶ https://t.co/0XOl1eFrJm,Nexdigm_
positive,Some innovative banks are exploring 'Emotive Banking' - if you want to know how data science can be combined with b‚Ä¶ https://t.co/exfHEUbPzR,pdorrington
